<?xml version="1.0" encoding="UTF-8"?>
<project-private xmlns="http://www.netbeans.org/ns/project-private/1">
    <editor-bookmarks xmlns="http://www.netbeans.org/ns/editor-bookmarks/2" lastBookmarkId="0"/>
    <open-files xmlns="http://www.netbeans.org/ns/projectui-open-files/2">
        <group>
            <file>file:/C:/Users/mafer_y07etoc/OneDrive/Documentos/NetBeansProjects/MVCoficial/src/Vista/Iniciar_Sesion21.java</file>
            <file>file:/C:/Users/mafer_y07etoc/OneDrive/Documentos/NetBeansProjects/MVCoficial/src/Vista/Menu1.java</file>
            <file>file:/C:/Users/mafer_y07etoc/OneDrive/Documentos/NetBeansProjects/MVCoficial/src/Vista/Proveedores.java</file>
        </group>
    </open-files>
</project-private>
