<?xml version="1.0" encoding="UTF-8"?>
<project-private xmlns="http://www.netbeans.org/ns/project-private/1">
    <editor-bookmarks xmlns="http://www.netbeans.org/ns/editor-bookmarks/2" lastBookmarkId="0"/>
    <open-files xmlns="http://www.netbeans.org/ns/projectui-open-files/2">
        <group>
            <file>file:/C:/Users/mafer_y07etoc/OneDrive/Documentos/NetBeansProjects/ProyectoFinal-main/ProyectoFinal/src/Controlador/ProveedorController.java</file>
            <file>file:/C:/Users/mafer_y07etoc/OneDrive/Documentos/NetBeansProjects/ProyectoFinal-main/ProyectoFinal/src/Vista/Proveedores.java</file>
            <file>file:/C:/Users/mafer_y07etoc/OneDrive/Documentos/NetBeansProjects/ProyectoFinal-main/ProyectoFinal/src/dao/ProveedorDAO.java</file>
            <file>file:/C:/Users/mafer_y07etoc/OneDrive/Documentos/NetBeansProjects/ProyectoFinal-main/ProyectoFinal/src/dao/EmpleadoDAO.java</file>
            <file>file:/C:/Users/mafer_y07etoc/OneDrive/Documentos/NetBeansProjects/ProyectoFinal-main/ProyectoFinal/src/Conexion/CreateConection.java</file>
            <file>file:/C:/Users/mafer_y07etoc/OneDrive/Documentos/NetBeansProjects/ProyectoFinal-main/ProyectoFinal/src/Controlador/EmpleadoController.java</file>
            <file>file:/C:/Users/mafer_y07etoc/OneDrive/Documentos/NetBeansProjects/ProyectoFinal-main/ProyectoFinal/src/Modelo/Proveedor.java</file>
            <file>file:/C:/Users/mafer_y07etoc/OneDrive/Documentos/NetBeansProjects/ProyectoFinal-main/ProyectoFinal/src/Conexion/configuration.properties</file>
            <file>file:/C:/Users/mafer_y07etoc/OneDrive/Documentos/NetBeansProjects/ProyectoFinal-main/ProyectoFinal/src/Modelo/Empleados.java</file>
            <file>file:/C:/Users/mafer_y07etoc/OneDrive/Documentos/NetBeansProjects/ProyectoFinal-main/ProyectoFinal/src/Vista/Empleado.java</file>
        </group>
    </open-files>
</project-private>
