<?xml version="1.0" encoding="UTF-8"?>
<project-private xmlns="http://www.netbeans.org/ns/project-private/1">
    <editor-bookmarks xmlns="http://www.netbeans.org/ns/editor-bookmarks/2" lastBookmarkId="0"/>
    <open-files xmlns="http://www.netbeans.org/ns/projectui-open-files/2">
        <group>
            <file>file:/C:/Users/HP/Documents/NetBeansProjects/ProyectoFinal/src/Modelo/Producto.java</file>
            <file>file:/C:/Users/HP/Documents/NetBeansProjects/ProyectoFinal/src/dao/ProductoDAO.java</file>
            <file>file:/C:/Users/HP/Documents/NetBeansProjects/ProyectoFinal/src/Vista/Productos.java</file>
            <file>file:/C:/Users/HP/Documents/NetBeansProjects/ProyectoFinal/src/Controlador/ProductoController.java</file>
            <file>file:/C:/Users/HP/Documents/NetBeansProjects/ProyectoFinal/src/Vista/Empleado.java</file>
        </group>
    </open-files>
</project-private>
